<?xml version="1.0" encoding="UTF-8"?>
<project-private xmlns="http://www.netbeans.org/ns/project-private/1">
    <editor-bookmarks xmlns="http://www.netbeans.org/ns/editor-bookmarks/2" lastBookmarkId="0"/>
    <open-files xmlns="http://www.netbeans.org/ns/projectui-open-files/2">
        <group>
            <file>file:/C:/Users/Pranali/Desktop/5046/FIT5046Assign1-Sem1-Pranali-29901294-Agnes/CalorieTrackerApp/src/java/restws/service/CredentialFacadeREST.java</file>
            <file>file:/C:/Users/Pranali/Desktop/5046/FIT5046Assign1-Sem1-Pranali-29901294-Agnes/CalorieTrackerApp/src/java/restws/service/ReportFacadeREST.java</file>
        </group>
    </open-files>
</project-private>
